Question,Answer
Chứng khoán ?,"Chứng khoán (tiếng Anh: securities) là một bằng chứng tài sản hoặc phần vốn của công ty hay tổ chức đã phát hành. Nó là một tài sản tài chính có thể giao dịch và đại diện cho quyền sở hữu (cổ phiếu) hoặc quyền nợ (trái phiếu) mà các tổ chức phát hành nhằm huy động vốn. Chứng khoán có thể tồn tại dưới hình thức chứng chỉ, bút toán ghi sổ hay dữ liệu điện tử. Thuật ngữ ""chứng khoán"" thường được sử dụng trong cách nói hàng ngày để chỉ bất kỳ hình thức công cụ tài chính nào, mặc dù định nghĩa pháp lý và quy định cơ bản có thể không có định nghĩa rộng như vậy tùy theo thẩm quyền. Chứng khoán bao gồm các loại như cổ phiếu, trái phiếu, chứng chỉ quỹ và các hình thức khác."
Các loại chứng khoán phổ biến ?,"Chứng khoán được phân loại rộng rãi thành: * Chứng khoán nợ (ví dụ: tiền giấy, trái phiếu, giấy nợ, chứng khoán dạng nợ, các công cụ thị trường tiền, các công cụ tài chính phái sinh). Chứng khoán nợ chứng nhận mối quan hệ chủ nợ của người nắm giữ đối với người phát hành. * Chứng khoán vốn (ví dụ: cổ phiếu phổ thông). Chứng khoán cổ phần chứng nhận quyền sở hữu một phần tài sản của đối tượng nắm giữ. * Các công cụ phái sinh (ví dụ: kỳ hạn, hợp đồng tương lai, quyền chọn, hoán đổi). Đây là những công cụ tiền tệ thứ cấp có giá trị thị trường, cho phép người nắm giữ quyền mua hoặc bán các chứng khoán gốc. • Các loại phổ biến khác bao gồm: * Chứng chỉ quỹ: Đại diện cho phần vốn góp của nhà đầu tư vào quỹ đầu tư chứng khoán. * Chứng khoán lai: Dạng trung gian giữa chứng khoán cổ phần và chứng khoán nợ, ví dụ như cổ phiếu ưu đãi, trái phiếu chuyển đổi. * Chứng quyền, chứng quyền có bảo đảm, quyền mua cổ phần, chứng chỉ lưu ký cũng là các hình thức khác của chứng khoán."
Thị trường chứng khoán ?,"Thị trường chứng khoán (securities market) là nơi trao đổi các chứng khoán. Nó là một tập hợp bao gồm những người mua và người bán cổ phiếu (hay chứng khoán), thứ đại diện cho quyền sở hữu của họ đối với một doanh nghiệp. Thị trường chứng khoán giúp những người thiếu vốn huy động được vốn và người có vốn chuyển vốn của mình thành vốn đầu tư, vì thế còn được gọi là thị trường vốn. Giao dịch trên thị trường này hầu hết được thực hiện thông qua môi giới chứng khoán và nền tảng giao dịch điện tử."
Cấu trúc của thị trường chứng khoán được phân loại như thế nào?,"Cấu trúc của thị trường chứng khoán có thể được phân loại dựa trên các tiêu chí khác nhau: * Theo phương thức giao dịch: * Thị trường giao dịch ngay (Thị trường thời điểm): Mua bán theo giá ngày hôm đó; việc thanh toán và giao hoán diễn ra sau đó vài ngày. * Thị trường tương lai: Mua bán chứng khoán theo hợp đồng giá thỏa thuận ngay trong ngày giao dịch; việc thanh toán và giao hoán diễn ra trong kỳ hạn tương lai. * Theo tính chất chứng khoán giao dịch: * Thị trường cổ phiếu: Nơi trao đổi cổ phiếu do công ty phát hành và các phái sinh của chúng. * Thị trường trái phiếu: Nơi mua bán chứng khoán nợ, chủ yếu là trái phiếu. * Thị trường chứng khoán phái sinh: Thị trường cấp cao mua bán chuyển giao các công cụ tài chính cấp cao, chỉ xuất hiện ở các nước có thị trường chứng khoán phát triển. * Theo lưu chuyển vốn: * Thị trường sơ cấp: Tạo ra kênh thu hút tiền nhàn rỗi để đầu tư, tiền thu được thuộc về nhà phát hành. * Thị trường thứ cấp: Tạo ra khả năng chuyển đổi chứng khoán thành tiền mặt dễ dàng, thuận tiện; tiền thu được thuộc về nhà đầu tư bán chứng khoán. * Thị trường sơ cấp và thị trường thứ cấp có mối quan hệ nội tại."
Ai tham gia vào thị trường chứng khoán?,"Các bên tham gia vào thị trường chứng khoán rất đa dạng, bao gồm: * Nhà đầu tư cá nhân nhỏ lẻ. * Nhà đầu tư tổ chức (ví dụ: các quỹ hưu trí, công ty bảo hiểm, quỹ tương hỗ, quỹ chỉ số, quỹ giao dịch, quỹ phòng hộ, các nhóm nhà đầu tư, các ngân hàng và các định chế tài chính khác). * Các công ty giao dịch đại chúng giao dịch chính cổ phiếu của họ. * Nhà tư vấn Robo, những người tự động hóa các khoản đầu tư cho các cá nhân. • Lệnh mua hay bán của họ có thể được thực hiện thông qua một nhà giao dịch (cá nhân hoặc tổ chức) trên sàn chứng khoán."
Rủi ro trong đầu tư chứng khoán ?,"Rủi ro là sự bất ổn và bất ổn có nghĩa là không chắc chắn, không ổn định hay thay đổi. Rủi ro là một tất yếu khách quan và bao trùm mọi hoạt động của con người, nhưng trong chuyên đề này chủ yếu đề cập đến rủi ro trong đầu tư chứng khoán."
Có những loại rủi ro nào trong đầu tư chứng khoán?,"Rủi ro trong đầu tư chứng khoán có thể được phân loại như sau: * Theo tính chất: Rủi ro thuần túy (dẫn đến tổn thất khi xảy ra tai nạn) và Rủi ro dự đoán (có thể dẫn đến kết quả tốt hơn hoặc xấu hơn). * Theo khả năng phân tán: Rủi ro có thể phân tán (ví dụ: cho nhiều người vay) và Rủi ro không thể phân tán (ví dụ: cho một người vay). * Theo nguồn gốc: * Rủi ro khách quan: Tác động chung đến các doanh nghiệp và thị trường chứng khoán, thuộc loại không thể phân tán. Bao gồm thiên tai, chiến tranh, lạm phát tiền tệ, sự thay đổi của lãi suất, sự thay đổi của tỷ giá ngoại tệ, sự thay đổi về luật pháp. * Rủi ro thuộc về doanh nghiệp phát hành: Liên quan đến sự thay đổi của thị trường tiêu thụ, rủi ro trong hoạt động bán chịu, rủi ro khi sử dụng định phí cao, rủi ro tài chính khi vay vốn, sự cạnh tranh giữa các doanh nghiệp."
Mức sinh lời trong đầu tư chứng khoán được tính như thế nào?,Mức sinh lời trong đầu tư chứng khoán có thể tính bằng: * Giá trị: Tổng mức sinh lời đầu tư chứng khoán trong kỳ = Lãi của chứng khoán trong kỳ + Thay đổi của giá chứng khoán trong kỳ. * Phần trăm: Lãi suất đầu tư chứng khoán trong kỳ = (Lãi của chứng khoán trong kỳ + Thay đổi của giá chứng khoán trong kỳ) / Giá của chứng khoán đầu kỳ. • Có thể tính mức sinh lời trong một khoảng thời gian (tích lũy) hoặc mức sinh lời bình quân (hình học hoặc số học).
Phân tích cơ bản trong chứng khoán ?,"Phân tích cơ bản chứng khoán (Fundamental analysis) là hoạt động đo lường giá trị nội tại của chứng khoán bằng cách kiểm tra các yếu tố kinh tế và tài chính liên quan. Các nhà phân tích cơ bản nghiên cứu tất cả các yếu tố có thể ảnh hưởng đến giá trị của chứng khoán, từ các yếu tố kinh tế vĩ mô như tình trạng của nền kinh tế và điều kiện ngành đến các yếu tốkinh tế vi mô như hiệu quả quản lý của công ty. Mục đích là xác định giá trị thực hoặc giá trị thị trường (fair market) của cổ phiếu để đưa ra quyết định giao dịch."
Phân tích cơ bản khác gì với phân tích kỹ thuật?,"Có sự khác biệt giữa hai phương pháp này: * Phân tích cơ bản: Dựa trên thông tin tài chính được báo cáo bởi các công ty, dữ liệu định lượng (như doanh thu, lợi nhuận, tỷ lệ tăng trưởng) và định tính (như chất lượng quản lý, lợi thế cạnh tranh) để xác định giá trị nội tại và tiềm năng. Kết quả mang nhiều tính dự đoán và thực tiễn cao, được sử dụng cho các chiến lược đầu tư dài hạn và có quy mô bởi các nhà đầu tư lớn và chuyên nghiệp. * Phân tích kỹ thuật: Là phương pháp phân tích thị trường dựa trên việc xem xét các biểu đồ về giá cổ phiếu, các chỉ số và giá cả khối lượng trong quá khứ để đưa ra dự đoán về tương lai. Sử dụng các yếu tố như các đường xu hướng, đường hỗ trợ, đường kháng cự. Kết quả phân tích mang tính hiện thực tức thời ngay thời điểm phân tích, được sử dụng cho các chiến lược đầu tư ngắn hạn bởi các nhà đầu tư theo xu hướng. • Tuy nhiên, hai phương pháp này không hề mâu thuẫn hay bài xích nhau, ngược lại, chúng phối hợp và hỗ trợ lẫn nhau."
Làm thế nào để người mới bắt đầu tìm hiểu về chứng khoán?,"Để tìm hiểu về chứng khoán, người mới bắt đầu có thể tham khảo nhiều nguồn tài liệu hữu ích: * Sách về đầu tư chứng khoán: Có nhiều sách kinh điển và phù hợp cho người mới bắt đầu, cung cấp kiến thức nền tảng, chiến lược và kinh nghiệm từ các chuyên gia. Một số sách được đề cập là “Làm Giàu Từ Chứng Khoán” của William J. O’Neil, “Nhà Đầu Tư Thông Minh” của Benjamin Graham, “Payback Time – Ngày Đòi Nợ” của Phil Town, “Tâm Lý Học Trong Đầu Tư Chứng Khoán” của Mark Douglas, “Tâm Lý Thị Trường Chứng Khoán” của George Charles Selden, “Ngày Đòi Nợ” của Phil Town, và các sách khác. Nên chọn những cuốn sách bắt đầu từ kiến thức cơ bản, diễn giải dễ hiểu, dễ nhớ với những ví dụ thực tế. * Các trang web chuyên về chứng khoán tại Việt Nam: Cung cấp tin tức, dữ liệu, phân tích thị trường (ví dụ: CafeF, SmartMind Securities, Vietstock, SSI Research). * Các kênh YouTube: Chia sẻ nhiều kiến thức từ cơ bản đến nâng cao, phân tích và kinh nghiệm thực tế (ví dụ: Money Studio, Happy Live, Cú Thông Thái, Tài Chính & Kinh Doanh, VTV24). * Ứng dụng hỗ trợ đầu tư chứng khoán: Giúp nhà đầu tư dễ dàng tiếp cận thông tin, theo dõi thị trường và thực hiện giao dịch (ví dụ: TCInvest của Techcom Securities, VNDirect App, SmartMind App). * Tài liệu từ công ty chứng khoán: Cung cấp cẩm nang đầu tư, bản tin thị trường, hướng dẫn phân tích cơ bản và kỹ thuật. * Diễn đàn chứng khoán: Nơi chia sẻ kiến thức, kinh nghiệm (ví dụ: F319, TraderViet, Tài Chính Chứng Khoán Việt Nam/saga.vn). * Khóa học chứng khoán online: Giúp người học hiểu rõ về quy trình đầu tư, đọc hiểu bảng giá, sử dụng công cụ phân tích, xác định cơ hội đầu tư."
Lịch sử thị trường chứng khoán Việt Nam có những dấu mốc chính nào?,"Lịch sử thị trường chứng khoán Việt Nam đã trải qua nhiều giai đoạn và có những cột mốc ấn tượng: * 1996: Thành lập Ủy ban Chứng khoán Nhà nước Việt Nam (28/11). * 1998: Dựa vào Nghị định số 48/CP của Chính phủ, thị trường chứng khoán Việt Nam chính thức được khai sinh (11/7), cùng lúc thành lập Trung tâm Giao dịch Chứng khoán TP.HCM. * 2000: Phiên giao dịch đầu tiên của thị trường được diễn ra vào ngày 28/07 với hai mã cổ phiếu REE và SAM. * 2005: Trung tâm Lưu ký Chứng khoán Việt Nam (VSD) được thành lập. Trung tâm Giao dịch Chứng khoán Hà Nội (tiền thân của HNX) ra đời (8/3), mở rộng thị trường với 2 sở giao dịch. * 2006: Bước nhảy vọt, vốn hóa của HOSE tăng gấp đôi trong ngày khi cổ phiếu Vinamilk lên sàn. Nhiều doanh nghiệp mới niêm yết, giá trị vốn hóa tăng vọt, chỉ số VN-Index lên mức 752 điểm. * 2007: Thời gian giao dịch được mở rộng hơn. Chỉ số VN-Index đạt đỉnh lịch sử 1170,67 điểm (12/3). Vốn hóa thị trường chiếm 40% GDP, tác động chủ yếu là làn sóng IPO của doanh nghiệp nhà nước. * 2008: Giai đoạn đen tối nhất do ảnh hưởng khủng hoảng kinh tế toàn cầu, VN-Index khép lại năm với mức giảm 66%, rơi xuống 316 điểm. * 2009: Sàn Upcom được đi vào vận hành (24/6). * Từ 2010 đến nay: Nhiều sự đổi mới nhằm thu hút nhà đầu tư. Ra mắt chỉ số VN30 (2012). Thời gian thanh toán rút ngắn từ T+4 xuống T+3 (2012) rồi xuống T+2 (2016). Thời gian giaodịch trên sàn HOSE và HSX được kéo dài tới 15h hàng ngày (2013). Thị trường được bổ sung các loại lệnh mới. * 2017: Hình thức chứng khoán mới là chứng khoán phái sinh ra đời. VN-Index liên tục “lập đỉnh”, tăng 48% lên 984 điểm, vốn hóa thị trường vượt 50% GDP. * 2018: VN-Index thiết lập đỉnh mới sau 10 năm với 1204 điểm (9/4). * 2019: VN-Index tăng 7,7% so với cùng kỳ, ghi nhận mức tăng điểm cao nhất khu vực Đông Nam Á. * 2020: Trải qua các phiên suy giảm mạnh do COVID-19, sau đó phục hồi."
Làm thế nào để bắt đầu đầu tư chứng khoán?,"Để bắt đầu đầu tư chứng khoán, bạn có thể bắt đầu với số vốn bất kỳ. Quy trình để bắt đầu giao dịch chứng khoán có thể tóm gọn trong 3 bước chính:"